IMAGE,JNAME,RA,DEC,System_Type,Lens_Type,Source_Type,theta_E,theta_EErr,theta_EMethod,theta_ERef,z_L,z_LErr,z_LType,z_LRef,velDisp,velDispErr,velDispRef,z_S,z_SErr,z_SType,z_SRef,mag_u,mag_uErr,mag_uRef,mag_uS,mag_uSRef,mag_g,mag_gErr,mag_gRef,mag_gS,mag_gSRef,mag_r,mag_rErr,mag_rRef,mag_rS,mag_rSRef,mag_i,mag_iErr,mag_iRef,mag_iS,mag_iSRef,mag_z,mag_zErr,mag_zRef,mag_zS,mag_zSRef,mag_y,mag_yErr,mag_yRef,mag_F814W,mag_F814WErr,mag_F814WRef,mag_F814WS,mag_F814WSRef
"=IMAGE(""https://raw.githubusercontent.com/oliveirara/slcomp-proposals/main/mosaics/J062736.3-542657.7.png"")",J062736.3-542657.7,96.90104,-54.44936,,,,,,,,0.04856026097894697,8.339102379953801e-05,S,2MASS,,,,0.3971,,,Moustakas et al. (2012) - adsabs:2012hst..prop12833M,,,,,,14.00641,,Legacy DR9,,,13.001175,,Legacy DR9,,,13.136852,0.00072805694,DES DR2,,,12.239614,,Legacy DR9,,,,,,,,,,
"=IMAGE(""https://raw.githubusercontent.com/oliveirara/slcomp-proposals/main/mosaics/J075543.9+110822.4.png"")",J075543.9+110822.4,118.93287,11.13956,Single Lens Galaxy,GALAXY,GALAXY,,,,,0.41530868,9.192361e-05,S,SDSS DR17,189.70325,35.527058,SDSS DR17,1.1186916,,S,Talbot et al. (2020) - arXiv:2007.09006,25.278704,1.5525994,SDSS DR17,,,21.00019,,Legacy DR9,,,19.217798,,Legacy DR9,,,18.915606,0.015386,DELVE DR2,,,18.2786,,Legacy DR9,,,,,,,,,,
"=IMAGE(""https://raw.githubusercontent.com/oliveirara/slcomp-proposals/main/mosaics/J075548.5+111659.8.png"")",J075548.5+111659.8,118.95221,11.28328,,,,,,,,0.13783583,0.0,S,SDSS DR17,47.763504,36.73069,SDSS DR17,0.3448,,S,Shu et al. (2017) - arXiv:1711.00072,19.536293,0.043040555,SDSS DR17,,,18.13281,,Legacy DR9,,,17.654821,,Legacy DR9,,,17.54116,0.007965,DELVE DR2,,,17.26643,,Legacy DR9,,,,,,17.16,0.05,Shu et al. (2017) - arXiv:1711.00072,,
"=IMAGE(""https://raw.githubusercontent.com/oliveirara/slcomp-proposals/main/mosaics/J080013.1+081208.4.png"")",J080013.1+081208.4,120.05442,8.20232,Single Lens Galaxy,GALAXY,GALAXY,,,,,0.3143452,5.6767727e-05,S,SDSS DR17,302.02383,19.278158,SDSS DR17,1.408,0.001,S,Moustakas et al. (2012) - adsabs:2012hst..prop12833M,21.770912,0.388102,SDSS DR17,20.3,Moustakas et al. (2012) - adsabs:2012hst..prop12833M,18.833073,,Legacy DR9,19.9,Moustakas et al. (2012) - adsabs:2012hst..prop12833M,17.229969,,Legacy DR9,19.9,Moustakas et al. (2012) - adsabs:2012hst..prop12833M,16.967018,0.006152,DELVE DR2,20.0,Moustakas et al. (2012) - adsabs:2012hst..prop12833M,16.387169,,Legacy DR9,19.4,Moustakas et al. (2012) - adsabs:2012hst..prop12833M,,,,,,,,
"=IMAGE(""https://raw.githubusercontent.com/oliveirara/slcomp-proposals/main/mosaics/J080820.4+103142.2.png"")",J080820.4+103142.2,122.0851,10.5284,,,,,,,,0.47541884,0.0,S,SDSS DR17,274.8427,61.561234,SDSS DR17,1.23742,,S,Tran et al. (2022) - arXiv:2205.05307,23.546535,2.9210618,SDSS DR17,,,19.852682,,Legacy DR9,,,18.055763,,Legacy DR9,,,17.868147,0.014236,DELVE DR2,,,16.999678,,Legacy DR9,,,,,,,,,,
"=IMAGE(""https://raw.githubusercontent.com/oliveirara/slcomp-proposals/main/mosaics/J080844.6+140050.2.png"")",J080844.6+140050.2,122.18596,14.01394,Single Lens Galaxy,GALAXY,GALAXY,,,,,0.208754,3.3596105e-05,S,SDSS DR17,227.3891,12.5415,SDSS DR17,1.0238013,,S,Talbot et al. (2020) - arXiv:2007.09006,21.417341,0.18912618,SDSS DR17,,,19.171213,,Legacy DR9,,,17.8792,,Legacy DR9,,,17.53978,0.005921,DELVE DR2,,,17.084368,,Legacy DR9,,,,,,,,,,
"=IMAGE(""https://raw.githubusercontent.com/oliveirara/slcomp-proposals/main/mosaics/J080852.3+145145.3.png"")",J080852.3+145145.3,122.21788,14.86259,,,,,,,,0.0843183,0.0,S,SDSS DR17,175.40572,8.5458,SDSS DR17,0.32648134,0.00028794346,S,Talbot et al. (2022) - arXiv:2206.09902,18.202854,0.04138679,SDSS DR17,,,16.371052,0.002482,DELVE DR2,,,15.541824,0.001268,DELVE DR2,,,15.201143,0.001554,DELVE DR2,,,14.924206,0.001655,DELVE DR2,,,,,,,,,,
"=IMAGE(""https://raw.githubusercontent.com/oliveirara/slcomp-proposals/main/mosaics/J081315.9+095953.1.png"")",J081315.9+095953.1,123.31642,9.99808,,,,,,,,0.15652312,0.0,S,SDSS DR17,198.47784,13.078558,SDSS DR17,1.1851,,S,Shu et al. (2017) - arXiv:1711.00072,19.44984,0.056143083,SDSS DR17,,,17.72733,,Legacy DR9,,,16.720758,,Legacy DR9,,,16.510586,0.003528,DELVE DR2,,,15.991319,,Legacy DR9,,,,,,16.36,0.05,Shu et al. (2017) - arXiv:1711.00072,,
"=IMAGE(""https://raw.githubusercontent.com/oliveirara/slcomp-proposals/main/mosaics/J081552.5+063530.3.png"")",J081552.5+063530.3,123.96858,6.59174,Single Lens Galaxy,GALAXY,GALAXY,,,,,0.22679818,3.9212766e-05,S,SDSS DR17,247.21416,17.238216,SDSS DR17,1.2344358,,S,Talbot et al. (2020) - arXiv:2007.09006,21.540215,0.17180197,SDSS DR17,,,19.156857,,Legacy DR9,,,17.72696,,Legacy DR9,,,17.318745,0.003451,DELVE DR2,,,16.932487,,Legacy DR9,,,,,,,,,,
"=IMAGE(""https://raw.githubusercontent.com/oliveirara/slcomp-proposals/main/mosaics/J082139.0+121729.0.png"")",J082139.0+121729.0,125.4125,12.29139,Single Lens Galaxy,GALAXY,QUASAR,3.07,0.01,SIE model,Moustakas et al. (2012) - adsabs:2012hst..prop12833M,0.39,0.01,S,Moustakas et al. (2012) - adsabs:2012hst..prop12833M,,,,3.1144,0.0001,S,Moustakas et al. (2012) - adsabs:2012hst..prop12833M,,,,,,,,,,,,,,,,,,,,,19.07,,Moustakas et al. (2012) - adsabs:2012hst..prop12833M,18.54,Moustakas et al. (2012) - adsabs:2012hst..prop12833M,,,,,,,,
"=IMAGE(""https://raw.githubusercontent.com/oliveirara/slcomp-proposals/main/mosaics/J082157.3+102556.1.png"")",J082157.3+102556.1,125.48858,10.43226,Single Lens Galaxy,GALAXY,GALAXY,,,,,0.09419287,0.0,S,SDSS DR17,143.97044,11.802174,SDSS DR17,0.657,0.001,S,Moustakas et al. (2012) - adsabs:2012hst..prop12833M,19.844671,0.10728035,SDSS DR17,,,17.545687,,Legacy DR9,,,16.54283,,Legacy DR9,,,16.41919,0.00232,DELVE DR2,,,15.694564,,Legacy DR9,,,,,,,,,,
"=IMAGE(""https://raw.githubusercontent.com/oliveirara/slcomp-proposals/main/mosaics/J082221.8+051051.1.png"")",J082221.8+051051.1,125.59071,5.18086,Single Lens Galaxy,GALAXY,GALAXY,,,,,0.20013909,2.8772043e-05,S,SDSS DR17,248.03514,12.880419,SDSS DR17,0.97545755,,S,Talbot et al. (2020) - arXiv:2007.09006,20.91148,0.15589462,SDSS DR17,,,18.590944,,Legacy DR9,,,17.355467,,Legacy DR9,,,17.077648,0.004254,DELVE DR2,,,16.60932,,Legacy DR9,,,,,,,,,,
"=IMAGE(""https://raw.githubusercontent.com/oliveirara/slcomp-proposals/main/mosaics/J082431.3+071825.3.png"")",J082431.3+071825.3,126.13058,7.30704,Single Lens Galaxy,GALAXY,GALAXY,,,,,0.5032153,0.00013261507,S,SDSS DR17,392.3365,68.67838,SDSS DR17,1.5238742,,S,Talbot et al. (2020) - arXiv:2007.09006,24.643751,1.6311426,SDSS DR17,,,21.17898,,Legacy DR9,,,19.410852,,Legacy DR9,,,18.973228,0.014969,DELVE DR2,,,18.270092,,Legacy DR9,,,,,,,,,,
"=IMAGE(""https://raw.githubusercontent.com/oliveirara/slcomp-proposals/main/mosaics/J082706.4-002329.2.png"")",J082706.4-002329.2,126.77654,-0.39144,Single Lens Galaxy,GALAXY,GALAXY,,,,,0.6047279,0.00015662696,S,SDSS DR17,254.85443,42.31457,SDSS DR17,1.2032698,,S,Talbot et al. (2020) - arXiv:2007.09006,26.422997,0.73114026,SDSS DR17,,,21.255697,,Legacy DR9,,,19.749205,,Legacy DR9,,,18.884514,0.012947,DELVE DR2,,,18.38775,,Legacy DR9,,,,,,,,,,
"=IMAGE(""https://raw.githubusercontent.com/oliveirara/slcomp-proposals/main/mosaics/J083051.0+013225.0.png"")",J083051.0+013225.0,127.7125,1.54028,,,,,,,,0.626,,,Amvrosiadis et al. (2018) - arXiv:1801.07282,,,,3.634,,S,Negrello et al. (2016) - arXiv:1611.03922,,,,,,,,,,,21.6,,Negrello et al. (2016) - arXiv:1611.03922,,,,,,,,,,,,,,,,,,,,
"=IMAGE(""https://raw.githubusercontent.com/oliveirara/slcomp-proposals/main/mosaics/J083052.9+120656.3.png"")",J083052.9+120656.3,127.72033,12.11565,Single Lens Galaxy,GALAXY,GALAXY,,,,,0.28364444,5.020308e-05,S,SDSS DR17,203.90779,17.599693,SDSS DR17,0.8474291,,S,Talbot et al. (2020) - arXiv:2007.09006,21.782812,0.35752672,SDSS DR17,,,19.339691,,Legacy DR9,,,17.846931,,Legacy DR9,,,17.713007,0.005835,DELVE DR2,,,17.03181,,Legacy DR9,,,,,,,,,,
"=IMAGE(""https://raw.githubusercontent.com/oliveirara/slcomp-proposals/main/mosaics/J083155.2+020442.3.png"")",J083155.2+020442.3,127.98017,2.07842,Single Lens Galaxy,GALAXY,GALAXY,,,,,0.49648643,0.00011399641,S,SDSS DR17,256.86133,28.69984,SDSS DR17,1.1309232,,S,Talbot et al. (2020) - arXiv:2007.09006,23.28542,0.9986309,SDSS DR17,,,21.3479538,0.0110238781,HSC Wide DR3,,,19.692543,0.00472853007,HSC Wide DR3,,,18.6749573,0.00169523549,HSC Wide DR3,,,18.2990799,0.00169764215,HSC Wide DR3,,,,,,,,,,
"=IMAGE(""https://raw.githubusercontent.com/oliveirara/slcomp-proposals/main/mosaics/J083216.0+040405.2.png"")",J083216.0+040405.2,128.06667,4.06811,Single Lens Galaxy,GALAXY,QUASAR,0.95,,SIE model,Moustakas et al. (2012) - adsabs:2012hst..prop12833M,0.659,0.001,S,Moustakas et al. (2012) - adsabs:2012hst..prop12833M,,,,1.115,0.003,S,Moustakas et al. (2012) - adsabs:2012hst..prop12833M,,,,,,,,,,,,,,,,,,,18.89,Moustakas et al. (2012) - adsabs:2012hst..prop12833M,19.35,,Moustakas et al. (2012) - adsabs:2012hst..prop12833M,,,,,,,,,,
"=IMAGE(""https://raw.githubusercontent.com/oliveirara/slcomp-proposals/main/mosaics/J083237.1+133447.1.png"")",J083237.1+133447.1,128.15458,13.57976,,,,,,,,0.39690125,0.0,S,SDSS DR17,312.8227,28.048601,SDSS DR17,0.7437,,S,Shu et al. (2017) - arXiv:1711.00072,21.502615,0.4168662,SDSS DR17,,,19.29374,,Legacy DR9,,,17.636932,,Legacy DR9,,,17.098577,0.005585,DELVE DR2,,,16.686197,,Legacy DR9,,,,,,16.98,0.11,Shu et al. (2017) - arXiv:1711.00072,,
"=IMAGE(""https://raw.githubusercontent.com/oliveirara/slcomp-proposals/main/mosaics/J083338.1+033535.5.png"")",J083338.1+033535.5,128.40871,3.5932,,CLUSTER,GALAXY,,,,,0.49479443,0.0,S,SDSS DR17,661.54846,188.23529,SDSS DR17,1.16,,P,SuGOHI Candidate List (2021) - www-utap.phys.s.u-tokyo.ac.jp/~oguri/sugohi/,24.02314,2.0968606,SDSS DR17,,,21.6934776,0.00660215318,HSC Wide DR3,,,19.7393665,0.00191924954,HSC Wide DR3,,,18.755146,0.00102887547,HSC Wide DR3,22.24,SuGOHI Candidate List (2021) - www-utap.phys.s.u-tokyo.ac.jp/~oguri/sugohi/,18.3751793,0.00182576221,HSC Wide DR3,,,,,,,,,,
"=IMAGE(""https://raw.githubusercontent.com/oliveirara/slcomp-proposals/main/mosaics/J083513.7+120318.0.png"")",J083513.7+120318.0,128.80696,12.05499,Single Lens Galaxy,GALAXY,GALAXY,,,,,0.45370603,0.00010117448,S,SDSS DR17,183.76642,23.972897,SDSS DR17,0.9176433,,S,Talbot et al. (2020) - arXiv:2007.09006,22.640926,0.5601057,SDSS DR17,,,21.269913,,Legacy DR9,,,19.545914,,Legacy DR9,,,18.885782,0.026267808,SDSS DR17,,,18.538647,,Legacy DR9,,,,,,,,,,
"=IMAGE(""https://raw.githubusercontent.com/oliveirara/slcomp-proposals/main/mosaics/J083531.6+035244.0.png"")",J083531.6+035244.0,128.8815,3.8789,,CLUSTER,GALAXY,,,,,0.5610952,0.00013992364,S,SDSS DR17,243.29639,39.226173,SDSS DR17,1.52,,P,SuGOHI Candidate List (2021) - www-utap.phys.s.u-tokyo.ac.jp/~oguri/sugohi/,26.406485,0.96701795,SDSS DR17,,,21.6544724,0.00584039092,HSC Wide DR3,,,19.973423,0.00206312235,HSC Wide DR3,,,18.9115753,0.00129917718,HSC Wide DR3,23.79,SuGOHI Candidate List (2021) - www-utap.phys.s.u-tokyo.ac.jp/~oguri/sugohi/,18.4621391,0.00176539656,HSC Wide DR3,,,,,,,,,,
"=IMAGE(""https://raw.githubusercontent.com/oliveirara/slcomp-proposals/main/mosaics/J083628.3+051138.5.png"")",J083628.3+051138.5,129.11808,5.19404,Single Lens Galaxy,GALAXY,GALAXY,,,,,0.5556919,0.00013413344,S,SDSS DR17,238.15257,30.84203,SDSS DR17,1.5749443,,S,Talbot et al. (2020) - arXiv:2007.09006,22.663736,0.6413485,SDSS DR17,,,21.247261,0.00677577406,HSC Wide DR3,,,19.8009377,0.00360873388,HSC Wide DR3,,,18.7939625,0.00239808718,HSC Wide DR3,,,18.3788414,0.00446828781,HSC Wide DR3,,,,,,,,,,
"=IMAGE(""https://raw.githubusercontent.com/oliveirara/slcomp-proposals/main/mosaics/J083856.9+020851.0.png"")",J083856.9+020851.0,129.73721,2.1475,,CLUSTER,GALAXY,,,,,0.35987052,7.38336e-05,S,SDSS DR17,257.75055,23.452194,SDSS DR17,2.42,,P,SuGOHI Candidate List (2021) - www-utap.phys.s.u-tokyo.ac.jp/~oguri/sugohi/,21.90796,0.19049,KiDS DR3,,,20.8344898,0.00496360892,HSC Wide DR3,,,19.1028843,0.0021081341,HSC Wide DR3,,,18.4603367,0.00071989838,HSC Wide DR3,22.34,SuGOHI Candidate List (2021) - www-utap.phys.s.u-tokyo.ac.jp/~oguri/sugohi/,18.0844955,0.000955077354,HSC Wide DR3,,,,,,,,,,
"=IMAGE(""https://raw.githubusercontent.com/oliveirara/slcomp-proposals/main/mosaics/J083933.4-014044.4.png"")",J083933.4-014044.4,129.889,-1.679,,CLUSTER,GALAXY,,,,,0.269959986,,S,HSC Wide DR3,,,,0.61,,P,SuGOHI Candidate List (2021) - www-utap.phys.s.u-tokyo.ac.jp/~oguri/sugohi/,19.92714,0.06849,KiDS DR3,,,19.5855999,0.00232479535,HSC Wide DR3,,,18.1975193,0.00108435797,HSC Wide DR3,,,17.5150509,0.000712431734,HSC Wide DR3,18.13,SuGOHI Candidate List (2021) - www-utap.phys.s.u-tokyo.ac.jp/~oguri/sugohi/,17.1869392,0.00101860601,HSC Wide DR3,,,,,,,,,,
"=IMAGE(""https://raw.githubusercontent.com/oliveirara/slcomp-proposals/main/mosaics/J083938.3+000602.9.png"")",J083938.3+000602.9,129.90971,0.1008,,CLUSTER,GALAXY,,,,,0.27071264,0.00011657304,S,SDSS DR17,258.73807,44.6473,SDSS DR17,1.43,,P,SuGOHI Candidate List (2021) - www-utap.phys.s.u-tokyo.ac.jp/~oguri/sugohi/,21.52096,0.19305,KiDS DR3,,,19.9888,0.00171812845,HSC Wide DR3,,,18.5523834,0.000923853077,HSC Wide DR3,,,17.9407272,0.000512857572,HSC Wide DR3,26.71,SuGOHI Candidate List (2021) - www-utap.phys.s.u-tokyo.ac.jp/~oguri/sugohi/,17.660162,0.000654822798,HSC Wide DR3,,,,,,,,,,
"=IMAGE(""https://raw.githubusercontent.com/oliveirara/slcomp-proposals/main/mosaics/J083939.3+022832.9.png"")",J083939.3+022832.9,129.91379,2.4758,,CLUSTER,GALAXY,,,,,0.43064895,0.0,S,SDSS DR17,251.16014,27.464018,SDSS DR17,0.92,,P,SuGOHI Candidate List (2021) - www-utap.phys.s.u-tokyo.ac.jp/~oguri/sugohi/,22.25814,0.23601,KiDS DR3,,,20.9712944,0.0036731055,HSC Wide DR3,,,19.2773705,0.00135207688,HSC Wide DR3,,,18.4893379,0.000767576916,HSC Wide DR3,19.31,SuGOHI Candidate List (2021) - www-utap.phys.s.u-tokyo.ac.jp/~oguri/sugohi/,18.108902,0.0010176982,HSC Wide DR3,,,,,,,,,,
"=IMAGE(""https://raw.githubusercontent.com/oliveirara/slcomp-proposals/main/mosaics/J083956.5+020632.4.png"")",J083956.5+020632.4,129.98521,2.109,Single Lens Galaxy,GALAXY,GALAXY,,,,,0.3590613,7.386115e-05,S,SDSS DR17,199.08641,27.606731,SDSS DR17,1.1916333,,S,Talbot et al. (2020) - arXiv:2007.09006,21.73332,0.14429,KiDS DR3,,,20.7927132,0.00231728796,HSC Wide DR3,,,19.2407284,0.000990691711,HSC Wide DR3,,,18.5450211,0.000650839647,HSC Wide DR3,21.94,SuGOHI Candidate List (2021) - www-utap.phys.s.u-tokyo.ac.jp/~oguri/sugohi/,18.2009201,0.000937964185,HSC Wide DR3,,,,,,,,,,
"=IMAGE(""https://raw.githubusercontent.com/oliveirara/slcomp-proposals/main/mosaics/J084143.5+081114.2.png"")",J084143.5+081114.2,130.43108,8.18728,Single Lens Galaxy,GALAXY,GALAXY,,,,,0.42358273,7.6790544e-05,S,SDSS DR17,206.44946,20.628426,SDSS DR17,0.9772782,,S,Talbot et al. (2020) - arXiv:2007.09006,22.289936,0.40689352,SDSS DR17,,,20.91852,,Legacy DR9,,,19.180544,,Legacy DR9,,,18.600765,0.016453357,SDSS DR17,,,18.164425,,Legacy DR9,,,,,,,,,,
"=IMAGE(""https://raw.githubusercontent.com/oliveirara/slcomp-proposals/main/mosaics/J084213.4+093822.5.png"")",J084213.4+093822.5,130.55575,9.63959,Single Lens Galaxy,GALAXY,GALAXY,,,,,0.26449817,4.3285385e-05,S,SDSS DR17,243.4314,14.828487,SDSS DR17,0.8103717,,S,Talbot et al. (2020) - arXiv:2007.09006,21.266632,0.16131505,SDSS DR17,,,19.521757,,Legacy DR9,,,18.031755,,Legacy DR9,,,17.697647,0.005656,DELVE DR2,,,17.206528,,Legacy DR9,,,,,,,,,,
"=IMAGE(""https://raw.githubusercontent.com/oliveirara/slcomp-proposals/main/mosaics/J084427.2-001059.2.png"")",J084427.2-001059.2,131.11329,-0.1831,,CLUSTER,GALAXY,,,,,0.365770012,,S,HSC Wide DR3,,,,1.13,,P,SuGOHI Candidate List (2021) - www-utap.phys.s.u-tokyo.ac.jp/~oguri/sugohi/,22.19544,0.29483,KiDS DR3,,,20.8126965,0.00243366277,HSC Wide DR3,,,19.0864868,0.000997774303,HSC Wide DR3,,,18.4172516,0.000609330076,HSC Wide DR3,19.88,SuGOHI Candidate List (2021) - www-utap.phys.s.u-tokyo.ac.jp/~oguri/sugohi/,18.0843544,0.000734152796,HSC Wide DR3,,,,,,,,,,
"=IMAGE(""https://raw.githubusercontent.com/oliveirara/slcomp-proposals/main/mosaics/J084647.5+044605.0.png"")",J084647.5+044605.0,131.69779,4.76805,,,GALAXY,3.4,0.1,SIE model,Moustakas et al. (2012) - adsabs:2012hst..prop12833M,0.24144608,0.0,S,SDSS DR17,242.57613,21.73554,SDSS DR17,1.405,0.001,S,Moustakas et al. (2012) - adsabs:2012hst..prop12833M,20.718746,0.19059351,SDSS DR17,,,19.3807411,0.00186347275,HSC Wide DR3,,,18.0189896,0.000933317468,HSC Wide DR3,,,17.4612389,0.000852865225,HSC Wide DR3,,,17.1591415,0.00117491442,HSC Wide DR3,,,,,,,,,,
"=IMAGE(""https://raw.githubusercontent.com/oliveirara/slcomp-proposals/main/mosaics/J084706.9+031822.6.png"")",J084706.9+031822.6,131.77871,3.30628,,,,,,,,0.1191583,0.0,S,SDSS DR17,200.14108,10.750853,SDSS DR17,0.4146,,S,Bolton et al. (2008) - arXiv:0805.1931,20.29553,0.085345656,SDSS DR17,,,18.470295,0.000595596211,HSC Wide DR3,,,17.5083389,0.000347197027,HSC Wide DR3,,,17.006794,0.000339643128,HSC Wide DR3,,,16.6988964,0.000409508357,HSC Wide DR3,,,,,,16.8,,Bolton et al. (2008) - arXiv:0805.1931,,
"=IMAGE(""https://raw.githubusercontent.com/oliveirara/slcomp-proposals/main/mosaics/J084729.2+013050.8.png"")",J084729.2+013050.8,131.87158,1.5141,,CLUSTER,GALAXY,,,,,0.34919822,0.0,S,SDSS DR17,305.34183,29.939247,SDSS DR17,0.89,,P,SuGOHI Candidate List (2021) - www-utap.phys.s.u-tokyo.ac.jp/~oguri/sugohi/,21.97739,0.41154,KiDS DR3,,,19.8768902,0.00206808141,HSC Wide DR3,,,18.1954308,0.00087815756,HSC Wide DR3,,,17.6176014,0.000506540237,HSC Wide DR3,22.59,SuGOHI Candidate List (2021) - www-utap.phys.s.u-tokyo.ac.jp/~oguri/sugohi/,17.1621189,0.000625801913,HSC Wide DR3,,,,,,,,,,
"=IMAGE(""https://raw.githubusercontent.com/oliveirara/slcomp-proposals/main/mosaics/J084959.0-025142.0.png"")",J084959.0-025142.0,132.49583,-2.86167,,,,1.16,,,Leaf et al. (2018) - arXiv:1805.08640,0.274,,S,Leaf et al. (2018) - arXiv:1805.08640,276.0,35.0,Leaf et al. (2018) - arXiv:1805.08640,2.09,,S,Leaf et al. (2018) - arXiv:1805.08640,,,,,,,,,,,,,,,,,,,,,,,,,,,,,,,,,
"=IMAGE(""https://raw.githubusercontent.com/oliveirara/slcomp-proposals/main/mosaics/J084959.7-025142.8.png"")",J084959.7-025142.8,132.49896,-2.86189,Single Lens Galaxy,GALAXY,GALAXY,1.16,0.04,SIE model,Moustakas et al. (2012) - adsabs:2012hst..prop12833M,0.284401,0.015931,P,Legacy DR9,,,,2.09,0.01,S,Moustakas et al. (2012) - adsabs:2012hst..prop12833M,21.722,0.028,CFHTLS Wide,,,19.901148,,Legacy DR9,,,18.447592,,Legacy DR9,,,18.243122,0.012981,DELVE DR2,,,17.667683,,Legacy DR9,,,,,,,,,,
"=IMAGE(""https://raw.githubusercontent.com/oliveirara/slcomp-proposals/main/mosaics/J085007.6+013659.0.png"")",J085007.6+013659.0,132.53158,1.6164,,CLUSTER,GALAXY,,,,,0.589282,0.00016457569,S,SDSS DR17,491.80853,59.95201,SDSS DR17,1.65,,P,SuGOHI Candidate List (2021) - www-utap.phys.s.u-tokyo.ac.jp/~oguri/sugohi/,26.5039,1.230636,SDSS DR17,,,21.1287231,0.00572583172,HSC Wide DR3,,,19.4319458,0.00209633354,HSC Wide DR3,,,18.2607002,0.00100589299,HSC Wide DR3,23.57,SuGOHI Candidate List (2021) - www-utap.phys.s.u-tokyo.ac.jp/~oguri/sugohi/,17.7753773,0.00106499833,HSC Wide DR3,,,,,,,,,,
"=IMAGE(""https://raw.githubusercontent.com/oliveirara/slcomp-proposals/main/mosaics/J085018.2+000333.7.png"")",J085018.2+000333.7,132.57567,0.05936,,,,,,,,0.036823045,0.0,S,SDSS DR17,78.828384,18.929941,SDSS DR17,0.25478062,,S,Talbot et al. (2022) - arXiv:2206.09902,18.3843,0.01416,KiDS DR3,,,17.810349,,Legacy DR9,,,17.241451,,Legacy DR9,,,16.7080307,,HSC Wide DR3,,,16.88777,,Legacy DR9,,,,,,,,,,
"=IMAGE(""https://raw.githubusercontent.com/oliveirara/slcomp-proposals/main/mosaics/J085036.0-003413.4.png"")",J085036.0-003413.4,132.65,-0.5704,,CLUSTER,GALAXY,,,,,0.2953967,6.144552e-05,S,SDSS DR17,255.35197,20.585697,SDSS DR17,1.26,,P,SuGOHI Candidate List (2021) - www-utap.phys.s.u-tokyo.ac.jp/~oguri/sugohi/,22.26001,0.38189,KiDS DR3,,,20.1786842,0.00232603354,HSC Wide DR3,,,18.6744671,0.00101046287,HSC Wide DR3,,,18.0470428,0.00052637927,HSC Wide DR3,20.53,SuGOHI Candidate List (2021) - www-utap.phys.s.u-tokyo.ac.jp/~oguri/sugohi/,17.751564,0.000770069018,HSC Wide DR3,,,,,,,,,,
"=IMAGE(""https://raw.githubusercontent.com/oliveirara/slcomp-proposals/main/mosaics/J085112.9+010342.9.png"")",J085112.9+010342.9,132.80367,1.06193,,,,,,,,0.026635164,0.0,S,SDSS DR17,89.36107,7.980199,SDSS DR17,0.2738486,0.00014665724,S,Talbot et al. (2022) - arXiv:2206.09902,18.18197,0.0077,KiDS DR3,,,16.2189445,0.000287744304,HSC Wide DR3,,,15.3377628,0.000193942236,HSC Wide DR3,,,14.908123,0.000148435123,HSC Wide DR3,,,14.5842152,0.000177074195,HSC Wide DR3,,,,,,,,,,
"=IMAGE(""https://raw.githubusercontent.com/oliveirara/slcomp-proposals/main/mosaics/J085130.1+021823.2.png"")",J085130.1+021823.2,132.87529,2.30646,Single Lens Galaxy,GALAXY,GALAXY,,,,,0.3861936,4.6633228e-05,S,SDSS DR17,220.83478,21.094673,SDSS DR17,1.1348516,,S,Talbot et al. (2020) - arXiv:2007.09006,23.53988,0.57653,KiDS DR3,,,21.1304398,0.0034441608,HSC Wide DR3,,,19.5111809,0.00137326866,HSC Wide DR3,,,18.7855949,0.000837915344,HSC Wide DR3,,,18.4104958,0.00103703642,HSC Wide DR3,,,,,,,,,,
"=IMAGE(""https://raw.githubusercontent.com/oliveirara/slcomp-proposals/main/mosaics/J085141.9+050507.0.png"")",J085141.9+050507.0,132.92454,5.08528,,,,0.91,,,Leaf et al. (2018) - arXiv:1805.08640,0.12759489,0.0,S,SDSS DR17,176.28224,11.85112,SDSS DR17,0.6371,,S,Leaf et al. (2018) - arXiv:1805.08640,20.24775,0.064274706,SDSS DR17,,,18.3711395,0.00128096773,HSC Wide DR3,,,17.3831882,0.000807505217,HSC Wide DR3,,,16.8776245,0.000418191863,HSC Wide DR3,,,16.5860081,0.000565452327,HSC Wide DR3,,,,,,16.77,0.11,Shu et al. (2017) - arXiv:1711.00072,,
"=IMAGE(""https://raw.githubusercontent.com/oliveirara/slcomp-proposals/main/mosaics/J085227.1+002437.8.png"")",J085227.1+002437.8,133.113,0.4105,,CLUSTER,GALAXY,,,,,0.108429998,,S,HSC Wide DR3,,,,0.26,,P,SuGOHI Candidate List (2021) - www-utap.phys.s.u-tokyo.ac.jp/~oguri/sugohi/,19.80821,0.0206,KiDS DR3,,,18.9074707,0.000855382998,HSC Wide DR3,,,18.4447861,0.000861444278,HSC Wide DR3,,,18.0415459,0.000696014671,HSC Wide DR3,21.05,SuGOHI Candidate List (2021) - www-utap.phys.s.u-tokyo.ac.jp/~oguri/sugohi/,17.6086159,0.00113600062,HSC Wide DR3,,,,,,,,,,
"=IMAGE(""https://raw.githubusercontent.com/oliveirara/slcomp-proposals/main/mosaics/J085327.0-023745.0.png"")",J085327.0-023745.0,133.3625,-2.62917,,,,,,,,0.774,,,Sonnenfeld et al. (2013) - arXiv:1307.4764,,,,2.44,,S,Sonnenfeld et al. (2013) - arXiv:1307.4759,,,,,,,,,,,,,,,,,,,,,,,,,,,,,,,,,
"=IMAGE(""https://raw.githubusercontent.com/oliveirara/slcomp-proposals/main/mosaics/J085327.9+041910.8.png"")",J085327.9+041910.8,133.36617,4.31968,,,,,,,,0.09563446,0.0,S,SDSS DR17,227.99094,8.736389,SDSS DR17,0.24700388,,S,Talbot et al. (2022) - arXiv:2206.09902,18.744009,0.039917402,SDSS DR17,,,17.0500793,0.000422888581,HSC Wide DR3,,,16.1049328,0.000272269652,HSC Wide DR3,,,15.5632401,0.000174580564,HSC Wide DR3,,,15.2723408,0.000242241571,HSC Wide DR3,,,,,,,,,,
"=IMAGE(""https://raw.githubusercontent.com/oliveirara/slcomp-proposals/main/mosaics/J085436.6+003833.3.png"")",J085436.6+003833.3,133.65254,0.64258,,,,,,,,0.10696268,0.0,S,SDSS DR17,299.02118,9.80834,SDSS DR17,1.017752,,S,Talbot et al. (2022) - arXiv:2206.09902,18.05255,0.0212,KiDS DR3,,,16.8529892,0.000359236758,HSC Wide DR3,,,15.9026613,0.000248029741,HSC Wide DR3,,,15.4013233,0.000152891822,HSC Wide DR3,,,15.0313263,0.000179615963,HSC Wide DR3,,,,,,,,,,
"=IMAGE(""https://raw.githubusercontent.com/oliveirara/slcomp-proposals/main/mosaics/J085554.3+005111.0.png"")",J085554.3+005111.0,133.97617,0.85306,,,,,,,,0.052468512,0.0,S,SDSS DR17,0.0,0.0,SDSS DR17,0.20605692,,S,Talbot et al. (2022) - arXiv:2206.09902,17.83456,0.00575,KiDS DR3,,,18.951992,0.001164168,HSC Wide DR3,,,18.194767,0.000854775426,HSC Wide DR3,,,15.48909,,HSC Wide DR3,,,17.483448,0.00121211458,HSC Wide DR3,,,,,,,,,,
"=IMAGE(""https://raw.githubusercontent.com/oliveirara/slcomp-proposals/main/mosaics/J085559.0-040917.0.png"")",J085559.0-040917.0,133.99583,-4.15472,,,,1.36,,,Leaf et al. (2018) - arXiv:1805.08640,0.419,,S,Leaf et al. (2018) - arXiv:1805.08640,281.0,22.0,Leaf et al. (2018) - arXiv:1805.08640,2.95,,S,Leaf et al. (2018) - arXiv:1805.08640,,,,,,,,,,,,,,,,,,,,,,,,,,,,,,,,,
"=IMAGE(""https://raw.githubusercontent.com/oliveirara/slcomp-proposals/main/mosaics/J085600.0-040917.8.png"")",J085600.0-040917.8,133.99967,-4.15493,Single Lens Galaxy,GALAXY,GALAXY,1.36,0.1,SIE model,Moustakas et al. (2012) - adsabs:2012hst..prop12833M,0.419124,0.014975,P,Legacy DR9,,,,2.95,0.01,S,Moustakas et al. (2012) - adsabs:2012hst..prop12833M,22.991,0.078,CFHTLS Wide,,,21.06321,,Legacy DR9,,,19.2404,,Legacy DR9,,,18.89127,0.023038,DELVE DR2,,,18.288052,,Legacy DR9,,,,,,,,,,
"=IMAGE(""https://raw.githubusercontent.com/oliveirara/slcomp-proposals/main/mosaics/J085803.0-004058.1.png"")",J085803.0-004058.1,134.5125,-0.6828,,CLUSTER,GALAXY,,,,,0.244980007,,S,HSC Wide DR3,,,,0.36,,P,SuGOHI Candidate List (2021) - www-utap.phys.s.u-tokyo.ac.jp/~oguri/sugohi/,21.77112,0.15039,KiDS DR3,,,19.2875252,0.001165441,HSC Wide DR3,,,17.8565483,0.000587758026,HSC Wide DR3,,,17.283062,0.000396294228,HSC Wide DR3,19.46,SuGOHI Candidate List (2021) - www-utap.phys.s.u-tokyo.ac.jp/~oguri/sugohi/,16.9525681,0.000504649477,HSC Wide DR3,,,,,,,,,,
"=IMAGE(""https://raw.githubusercontent.com/oliveirara/slcomp-proposals/main/mosaics/J085856.0-010208.5.png"")",J085856.0-010208.5,134.73328,-1.03568,Single Lens Galaxy,GALAXY,GALAXY,1.0,,,SuGOHI Candidate List (2021) - www-utap.phys.s.u-tokyo.ac.jp/~oguri/sugohi/,0.4674695,0.00011627824,S,SDSS DR17,184.74664,27.167465,SDSS DR17,1.421,,S,Shu et al. (2022) - arXiv:2201.11135,21.841,0.019,CFHTLS Wide,,,21.0372086,0.00295738899,HSC Wide DR3,,,19.8150749,0.00166158716,HSC Wide DR3,,,18.8068085,0.000998593052,HSC Wide DR3,21.71,SuGOHI Candidate List (2021) - www-utap.phys.s.u-tokyo.ac.jp/~oguri/sugohi/,18.3687477,0.00134789688,HSC Wide DR3,,,,,,,,,,
"=IMAGE(""https://raw.githubusercontent.com/oliveirara/slcomp-proposals/main/mosaics/J085920.8+005142.2.png"")",J085920.8+005142.2,134.83683,0.86172,,,,,,,,0.013100303,0.0,S,SDSS DR17,36.834366,39.81381,SDSS DR17,0.27859932,0.00013878012,S,Talbot et al. (2022) - arXiv:2206.09902,18.08981,0.022790696,SDSS DR17,,,17.055275,0.000693686132,HSC Wide DR3,,,16.925148,0.000793641375,HSC Wide DR3,,,17.2501945,0.00105121511,HSC Wide DR3,,,17.0801029,0.00135238213,HSC Wide DR3,,,,,,,,,,
"=IMAGE(""https://raw.githubusercontent.com/oliveirara/slcomp-proposals/main/mosaics/J090059.7+035922.2.png"")",J090059.7+035922.2,135.24858,3.9895,,CLUSTER,GALAXY,,,,,0.41193977,0.00010087628,S,SDSS DR17,242.6612,31.533598,SDSS DR17,1.19,,P,SuGOHI Candidate List (2021) - www-utap.phys.s.u-tokyo.ac.jp/~oguri/sugohi/,23.803741,1.6290842,SDSS DR17,,,21.2099533,0.00423625484,HSC Wide DR3,,,19.5286217,0.00164115801,HSC Wide DR3,,,18.7330112,0.000904281856,HSC Wide DR3,21.76,SuGOHI Candidate List (2021) - www-utap.phys.s.u-tokyo.ac.jp/~oguri/sugohi/,18.3603859,0.00122688897,HSC Wide DR3,,,,,,,,,,
"=IMAGE(""https://raw.githubusercontent.com/oliveirara/slcomp-proposals/main/mosaics/J090132.9+021708.5.png"")",J090132.9+021708.5,135.38692,2.2857,,CLUSTER,GALAXY,,,,,0.35427025,5.802285e-05,S,SDSS DR17,351.80173,25.072027,SDSS DR17,0.6,,P,SuGOHI Candidate List (2021) - www-utap.phys.s.u-tokyo.ac.jp/~oguri/sugohi/,22.106644,0.58649397,SDSS DR17,,,19.7388458,0.00231280015,HSC Wide DR3,,,18.1722031,0.000839800457,HSC Wide DR3,,,17.5306473,0.000668850204,HSC Wide DR3,19.4,SuGOHI Candidate List (2021) - www-utap.phys.s.u-tokyo.ac.jp/~oguri/sugohi/,17.1705513,0.000772168802,HSC Wide DR3,,,,,,,,,,
"=IMAGE(""https://raw.githubusercontent.com/oliveirara/slcomp-proposals/main/mosaics/J090302.9-014127.0.png"")",J090302.9-014127.0,135.76208,-1.69083,Single Lens Galaxy,GALAXY,GALAXY,0.36,0.06,,Moustakas et al. (2012) - adsabs:2012hst..prop12833M,0.883937,0.597851,P,Legacy DR9,,,,2.3049,,S,Negrello et al. (2016) - arXiv:1611.03922,,,,,,24.631134,,Legacy DR9,,,23.97225,,Legacy DR9,,,,,,,,,,,,,,,,,,,,
"=IMAGE(""https://raw.githubusercontent.com/oliveirara/slcomp-proposals/main/mosaics/J090311.6+003906.5.png"")",J090311.6+003906.5,135.79833,0.6518,Single Lens Galaxy,GALAXY,GALAXY,1.56,0.11,,Moustakas et al. (2012) - adsabs:2012hst..prop12833M,0.29969585,4.370042e-05,S,SDSS DR17,243.1775,16.491121,SDSS DR17,3.042,,S,Negrello et al. (2016) - arXiv:1611.03922,23.19682,0.64438,KiDS DR3,,,20.2723885,0.0020197914,HSC Wide DR3,,,18.7912827,0.000914965756,HSC Wide DR3,,,18.1966248,0.000665478874,HSC Wide DR3,,,17.8614235,0.000755226065,HSC Wide DR3,,,,,,,,,,
"=IMAGE(""https://raw.githubusercontent.com/oliveirara/slcomp-proposals/main/mosaics/J090403.7+033505.0.png"")",J090403.7+033505.0,136.01546,3.58472,,,,,,,,0.026674291,0.0,S,SDSS DR17,140.67152,2.8999703,SDSS DR17,0.13597247,,S,Talbot et al. (2022) - arXiv:2206.09902,16.534966,0.0106759565,SDSS DR17,,,16.970789,0.000389333756,HSC Wide DR3,,,16.1136303,0.000234619351,HSC Wide DR3,,,13.7413902,,HSC Wide DR3,,,15.3266201,0.000330187497,HSC Wide DR3,,,,,,,,,,
"=IMAGE(""https://raw.githubusercontent.com/oliveirara/slcomp-proposals/main/mosaics/J090407.0-005952.0.png"")",J090407.0-005952.0,136.02917,-0.99778,,,,1.4,,,Leaf et al. (2018) - arXiv:1805.08640,0.611,,S,Leaf et al. (2018) - arXiv:1805.08640,183.0,21.0,Leaf et al. (2018) - arXiv:1805.08640,2.36,,S,Leaf et al. (2018) - arXiv:1805.08640,,,,,,,,,,,,,,,,,,,,,,,,,,,,,,,,,
"=IMAGE(""https://raw.githubusercontent.com/oliveirara/slcomp-proposals/main/mosaics/J090827.5+011606.2.png"")",J090827.5+011606.2,137.11471,1.2684,,CLUSTER,GALAXY,,,,,0.294059992,,S,HSC Wide DR3,,,,0.47,,P,SuGOHI Candidate List (2021) - www-utap.phys.s.u-tokyo.ac.jp/~oguri/sugohi/,22.56573,0.37519,KiDS DR3,,,20.7320976,0.00255059614,HSC Wide DR3,,,19.2459507,0.0010825335,HSC Wide DR3,,,18.6319637,0.000800348062,HSC Wide DR3,20.68,SuGOHI Candidate List (2021) - www-utap.phys.s.u-tokyo.ac.jp/~oguri/sugohi/,18.3020096,0.00111795287,HSC Wide DR3,,,,,,,,,,
"=IMAGE(""https://raw.githubusercontent.com/oliveirara/slcomp-proposals/main/mosaics/J090908.2+131610.5.png"")",J090908.2+131610.5,137.28408,13.26958,Single Lens Galaxy,GALAXY,GALAXY,,,,,0.40882978,0.00017576982,S,SDSS DR17,171.93626,36.7041,SDSS DR17,1.0781064,,S,Talbot et al. (2020) - arXiv:2007.09006,22.50471,0.96582747,SDSS DR17,,,21.441006,,Legacy DR9,,,20.078474,,Legacy DR9,,,18.687235,0.020183,DELVE DR2,,,19.190256,,Legacy DR9,,,,,,,,,,
"=IMAGE(""https://raw.githubusercontent.com/oliveirara/slcomp-proposals/main/mosaics/J090956.0+104046.1.png"")",J090956.0+104046.1,137.48317,10.67949,Single Lens Galaxy,GALAXY,GALAXY,,,,,0.3030055,4.8425823e-05,S,SDSS DR17,299.62628,21.003597,SDSS DR17,0.85254055,,S,Talbot et al. (2020) - arXiv:2007.09006,23.058058,0.9371948,SDSS DR17,,,20.09203,,Legacy DR9,,,18.45924,,Legacy DR9,,,17.982454,0.01033,DELVE DR2,,,17.595877,,Legacy DR9,,,,,,,,,,
"=IMAGE(""https://raw.githubusercontent.com/oliveirara/slcomp-proposals/main/mosaics/J091053.1+052023.2.png"")",J091053.1+052023.2,137.72129,5.33978,,,,,,,,0.2705368,0.0,S,SDSS DR17,287.05832,28.418915,SDSS DR17,1.0741,,S,Bolton et al. (2008) - arXiv:0805.1931,21.051466,0.2419264,SDSS DR17,,,19.131369,,Legacy DR9,,,17.71603,,Legacy DR9,,,17.2984447,0.000969984685,HSC Wide DR3,,,17.0231857,0.00171463063,HSC Wide DR3,,,,,,,,,,
"=IMAGE(""https://raw.githubusercontent.com/oliveirara/slcomp-proposals/main/mosaics/J091126.0-004509.1.png"")",J091126.0-004509.1,137.85844,-0.75254,,,GALAXY,,,,,0.270000011,0.0423440188,P,HSC Wide DR3,,,,0.48,,P,SuGOHI Candidate List (2021) - www-utap.phys.s.u-tokyo.ac.jp/~oguri/sugohi/,22.51145,0.36146,KiDS DR3,,,21.2631416,0.0105303824,HSC Wide DR3,,,19.6535282,0.00464505376,HSC Wide DR3,,,18.906992,0.00249516219,HSC Wide DR3,18.85,SuGOHI Candidate List (2021) - www-utap.phys.s.u-tokyo.ac.jp/~oguri/sugohi/,18.3568249,0.00409077015,HSC Wide DR3,,,,,,,,,,
"=IMAGE(""https://raw.githubusercontent.com/oliveirara/slcomp-proposals/main/mosaics/J091127.0+055052.0.png"")",J091127.0+055052.0,137.8625,5.84778,Single Lens Galaxy,GALAXY,QUASAR,2.47,,,Moustakas et al. (2012) - adsabs:2012hst..prop12833M,0.77,,,Moustakas et al. (2012) - adsabs:2012hst..prop12833M,,,,2.8,,,Moustakas et al. (2012) - adsabs:2012hst..prop12833M,,,,,,,,,,,,,,,,,,,,,20.47,,Moustakas et al. (2012) - adsabs:2012hst..prop12833M,17.39,Moustakas et al. (2012) - adsabs:2012hst..prop12833M,,,,,,,,
"=IMAGE(""https://raw.githubusercontent.com/oliveirara/slcomp-proposals/main/mosaics/J091205.3+002901.2.png"")",J091205.3+002901.2,138.02211,0.48367,Single Lens Galaxy,GALAXY,GALAXY,1.63,,,Leaf et al. (2018) - arXiv:1805.08640,0.16419417,0.0,S,SDSS DR17,309.71875,11.792473,SDSS DR17,0.324,,S,Leaf et al. (2018) - arXiv:1805.08640,19.56738,0.03165,KiDS DR3,,,17.2935486,0.000416349038,HSC Wide DR3,,,16.145359,0.000259998837,HSC Wide DR3,,,15.6776209,0.00015878609,HSC Wide DR3,,,15.3101616,0.000214002663,HSC Wide DR3,,,,,,15.57,,Bolton et al. (2008) - arXiv:0805.1931,,
"=IMAGE(""https://raw.githubusercontent.com/oliveirara/slcomp-proposals/main/mosaics/J091314.8+034848.6.png"")",J091314.8+034848.6,138.31158,3.8135,,CLUSTER,GALAXY,,,,,0.45296156,0.0,S,SDSS DR17,850.0,-3.0,SDSS DR17,1.08,,P,SuGOHI Candidate List (2021) - www-utap.phys.s.u-tokyo.ac.jp/~oguri/sugohi/,25.419739,1.018102,SDSS DR17,,,20.9726505,0.00723938784,HSC Wide DR3,,,19.5826225,0.00266183866,HSC Wide DR3,,,18.8449955,0.00156660809,HSC Wide DR3,25.11,SuGOHI Candidate List (2021) - www-utap.phys.s.u-tokyo.ac.jp/~oguri/sugohi/,18.3200493,0.00190575374,HSC Wide DR3,,,,,,,,,,
"=IMAGE(""https://raw.githubusercontent.com/oliveirara/slcomp-proposals/main/mosaics/J091431.9+050857.1.png"")",J091431.9+050857.1,138.63308,5.14919,,,,,,,,0.13555114,0.0,S,SDSS DR17,209.33353,11.432072,SDSS DR17,0.4034,,S,Shu et al. (2017) - arXiv:1711.00072,19.049831,0.05731996,SDSS DR17,,,17.8080597,0.00110205018,HSC Wide DR3,,,16.787796,0.000609373208,HSC Wide DR3,,,16.2546196,0.000385909749,HSC Wide DR3,,,15.9267159,0.000565838534,HSC Wide DR3,,,,,,15.44,0.1,Shu et al. (2017) - arXiv:1711.00072,,
"=IMAGE(""https://raw.githubusercontent.com/oliveirara/slcomp-proposals/main/mosaics/J091516.6-005500.6.png"")",J091516.6-005500.6,138.81917,-0.91684,Single Lens Galaxy,GALAXY,GALAXY,,,,,0.40221173,5.626688e-05,S,SDSS DR17,216.32921,16.287992,SDSS DR17,1.1705395,,S,Talbot et al. (2020) - arXiv:2007.09006,21.831,0.11595,KiDS DR3,,,21.4553452,0.00588322571,HSC Wide DR3,,,19.7077942,0.00200866815,HSC Wide DR3,,,18.7933807,0.000809064833,HSC Wide DR3,,,18.4447231,0.00125793566,HSC Wide DR3,,,,,,,,,,
"=IMAGE(""https://raw.githubusercontent.com/oliveirara/slcomp-proposals/main/mosaics/J091947.3+090955.6.png"")",J091947.3+090955.6,139.94702,9.16544,Single Lens Galaxy,GALAXY,GALAXY,,,,,0.41449177,0.00010026587,S,SDSS DR17,257.4636,35.85111,SDSS DR17,1.045822,,S,Talbot et al. (2020) - arXiv:2007.09006,20.877817,0.18993531,SDSS DR17,,,19.768883,,Legacy DR9,,,18.290071,,Legacy DR9,,,18.584373,0.019989,DELVE DR2,,,17.332743,,Legacy DR9,,,,,,,,,,
"=IMAGE(""https://raw.githubusercontent.com/oliveirara/slcomp-proposals/main/mosaics/J092252.2+034018.1.png"")",J092252.2+034018.1,140.71758,3.6717,,CLUSTER,GALAXY,,,,,0.2689311,0.0,S,SDSS DR17,326.05756,23.703053,SDSS DR17,0.74,,P,SuGOHI Candidate List (2021) - www-utap.phys.s.u-tokyo.ac.jp/~oguri/sugohi/,22.679766,0.6324543,SDSS DR17,,,19.8075714,0.00124132109,HSC Wide DR3,,,18.3058968,0.000483219279,HSC Wide DR3,,,17.6926765,0.000335289631,HSC Wide DR3,19.49,SuGOHI Candidate List (2021) - www-utap.phys.s.u-tokyo.ac.jp/~oguri/sugohi/,17.3778114,0.000492177904,HSC Wide DR3,,,,,,,,,,
"=IMAGE(""https://raw.githubusercontent.com/oliveirara/slcomp-proposals/main/mosaics/J092324.2+141156.6.png"")",J092324.2+141156.6,140.85096,14.19906,Single Lens Galaxy,GALAXY,GALAXY,,,,,0.45303977,0.00010121511,S,SDSS DR17,254.10484,27.563683,SDSS DR17,1.2885885,,S,Talbot et al. (2020) - arXiv:2007.09006,22.987354,0.90682495,SDSS DR17,,,20.963104,,Legacy DR9,,,19.235378,,Legacy DR9,,,18.807858,0.01593,DELVE DR2,,,18.261982,,Legacy DR9,,,,,,,,,,
"=IMAGE(""https://raw.githubusercontent.com/oliveirara/slcomp-proposals/main/mosaics/J092415.4+055628.1.png"")",J092415.4+055628.1,141.06408,5.94114,,,,,,,,0.033965085,0.0,S,SDSS DR17,105.82753,7.2672863,SDSS DR17,0.33896062,,S,Talbot et al. (2022) - arXiv:2206.09902,16.4322,0.0108054355,SDSS DR17,,,15.074193,0.002654391,SDSS DR17,,,14.265013,0.001736,DELVE DR2,,,14.110759,0.0024163988,SDSS DR17,,,13.854143,0.004119951,SDSS DR17,,,,,,,,,,
"=IMAGE(""https://raw.githubusercontent.com/oliveirara/slcomp-proposals/main/mosaics/J092502.6+022611.4.png"")",J092502.6+022611.4,141.26071,2.4365,,CLUSTER,GALAXY,,,,,0.390126,0.0,S,SDSS DR17,565.91504,94.692795,SDSS DR17,1.45,,P,SuGOHI Candidate List (2021) - www-utap.phys.s.u-tokyo.ac.jp/~oguri/sugohi/,22.02032,0.31392,KiDS DR3,,,20.8292999,0.00341968425,HSC Wide DR3,,,19.0810051,0.00129382883,HSC Wide DR3,,,18.4220772,0.000830388512,HSC Wide DR3,26.97,SuGOHI Candidate List (2021) - www-utap.phys.s.u-tokyo.ac.jp/~oguri/sugohi/,18.0456734,0.00126897462,HSC Wide DR3,,,,,,,,,,
"=IMAGE(""https://raw.githubusercontent.com/oliveirara/slcomp-proposals/main/mosaics/J092559.4+081411.8.png"")",J092559.4+081411.8,141.49729,8.23661,,,,,,,,0.13445024,0.0,S,SDSS DR17,110.50636,26.328754,SDSS DR17,0.2251,,S,Bolton et al. (2008) - arXiv:0805.1931,20.587254,0.13339135,SDSS DR17,,,18.425323,,Legacy DR9,,,17.445768,,Legacy DR9,,,17.492012,0.005497,DELVE DR2,,,16.78856,,Legacy DR9,,,,,,17.66,,Bolton et al. (2008) - arXiv:0805.1931,,
"=IMAGE(""https://raw.githubusercontent.com/oliveirara/slcomp-proposals/main/mosaics/J092641.2+072242.5.png"")",J092641.2+072242.5,141.67171,7.37848,,,,,,,,0.07560785,0.0,S,SDSS DR17,170.80293,10.512447,SDSS DR17,0.2855,,S,Shu et al. (2017) - arXiv:1711.00072,20.049383,0.067127295,SDSS DR17,,,17.94397,,Legacy DR9,,,16.996134,,Legacy DR9,,,16.753208,0.004133,DELVE DR2,,,16.308744,,Legacy DR9,,,,,,16.57,0.1,Shu et al. (2017) - arXiv:1711.00072,,
"=IMAGE(""https://raw.githubusercontent.com/oliveirara/slcomp-proposals/main/mosaics/J092647.3+050003.6.png"")",J092647.3+050003.6,141.69692,5.001,,CLUSTER,GALAXY,,,,,0.46158555,0.0,S,SDSS DR17,281.535,40.548584,SDSS DR17,1.23,,P,SuGOHI Candidate List (2021) - www-utap.phys.s.u-tokyo.ac.jp/~oguri/sugohi/,22.57864,0.8026594,SDSS DR17,,,21.4013691,0.00761652598,HSC Wide DR3,,,19.7089729,0.00365739129,HSC Wide DR3,,,18.8422222,0.00120579067,HSC Wide DR3,24.47,SuGOHI Candidate List (2021) - www-utap.phys.s.u-tokyo.ac.jp/~oguri/sugohi/,18.4165573,0.00193641637,HSC Wide DR3,,,,,,,,,,
"=IMAGE(""https://raw.githubusercontent.com/oliveirara/slcomp-proposals/main/mosaics/J093515.3+004746.0.png"")",J093515.3+004746.0,143.81358,0.7961,,CLUSTER,GALAXY,,,,,0.3582574,7.124703e-05,S,SDSS DR17,263.32913,24.82635,SDSS DR17,0.42,,P,SuGOHI Candidate List (2021) - www-utap.phys.s.u-tokyo.ac.jp/~oguri/sugohi/,25.36996,1.7063383,SDSS DR17,,,20.9486618,0.00355779799,HSC Wide DR3,,,19.2814751,0.00119036238,HSC Wide DR3,,,18.4660378,0.000585569767,HSC Wide DR3,22.22,SuGOHI Candidate List (2021) - www-utap.phys.s.u-tokyo.ac.jp/~oguri/sugohi/,18.1038246,0.00104962313,HSC Wide DR3,,,,,,,,,,
"=IMAGE(""https://raw.githubusercontent.com/oliveirara/slcomp-proposals/main/mosaics/J093543.9-000334.8.png"")",J093543.9-000334.8,143.93298,-0.05967,Single Lens Galaxy,GALAXY,GALAXY,0.87,,,Leaf et al. (2018) - arXiv:1805.08640,0.3474553,0.0,S,SDSS DR17,418.8796,43.73724,SDSS DR17,0.467,,S,Leaf et al. (2018) - arXiv:1805.08640,22.109898,0.60962987,SDSS DR17,,,19.8428307,0.00203724694,HSC Wide DR3,,,18.2620487,0.000835728424,HSC Wide DR3,,,17.5643616,0.000407433923,HSC Wide DR3,,,17.228323,0.00068802922,HSC Wide DR3,,,,,,16.75,,Bolton et al. (2008) - arXiv:0805.1931,,
"=IMAGE(""https://raw.githubusercontent.com/oliveirara/slcomp-proposals/main/mosaics/J093600.8+091335.8.png"")",J093600.8+091335.8,144.00327,9.22661,Single Lens Galaxy,GALAXY,GALAXY,1.09,,,Leaf et al. (2018) - arXiv:1805.08640,0.18969856,0.0,S,SDSS DR17,238.41168,11.523771,SDSS DR17,0.588,,S,Leaf et al. (2018) - arXiv:1805.08640,20.290905,0.10374889,SDSS DR17,,,18.078678,,Legacy DR9,,,16.87392,,Legacy DR9,,,16.648344,0.0061845654,SDSS DR17,,,16.143063,,Legacy DR9,,,,,,16.52,,Bolton et al. (2008) - arXiv:0805.1931,,
"=IMAGE(""https://raw.githubusercontent.com/oliveirara/slcomp-proposals/main/mosaics/J093639.2+011501.3.png"")",J093639.2+011501.3,144.16333,1.25035,,,,,,,,0.02608378,0.0,S,SDSS DR17,91.008835,8.437517,SDSS DR17,0.46415755,0.00033030802,S,Talbot et al. (2022) - arXiv:2206.09902,16.497684,0.013759659,SDSS DR17,,,16.4185696,0.000376867771,HSC Wide DR3,,,15.9241085,0.000285691378,HSC Wide DR3,,,15.6837492,0.000166414247,HSC Wide DR3,,,15.5118618,0.000321941363,HSC Wide DR3,,,,,,,,,,
"=IMAGE(""https://raw.githubusercontent.com/oliveirara/slcomp-proposals/main/mosaics/J094308.6+035624.8.png"")",J094308.6+035624.8,145.78571,3.94021,,,,,,,,0.019610463,0.0,S,SDSS DR17,70.55714,21.27244,SDSS DR17,0.24470896,0.00028660483,S,Talbot et al. (2022) - arXiv:2206.09902,17.647882,0.028789407,SDSS DR17,,,17.7860489,0.00146376214,HSC Wide DR3,,,17.1960144,0.00127773685,HSC Wide DR3,,,16.8858566,0.000987536972,HSC Wide DR3,,,16.3780022,0.00156037766,HSC Wide DR3,,,,,,,,,,
"=IMAGE(""https://raw.githubusercontent.com/oliveirara/slcomp-proposals/main/mosaics/J094527.6-083857.0.png"")",J094527.6-083857.0,146.36495666666667,-8.649166666666666,,CLUSTER,GALAXY,,,,,0.1535,,,Moustakas et al. (2012) - adsabs:2012hst..prop12833M,,,,0.551,,,Moustakas et al. (2012) - adsabs:2012hst..prop12833M,,,,,,,,,,,,,,,,,,,,,,,,,,,,,,,,,
"=IMAGE(""https://raw.githubusercontent.com/oliveirara/slcomp-proposals/main/mosaics/J094547.7+021851.2.png"")",J094547.7+021851.2,146.44862,2.31422,Single Lens Galaxy,GALAXY,GALAXY,,,,,0.29406312,5.313225e-05,S,SDSS DR17,191.72284,16.049429,SDSS DR17,1.2210989,,S,Talbot et al. (2020) - arXiv:2007.09006,21.777552,0.31418929,SDSS DR17,,,20.3191643,0.00218403689,HSC Wide DR3,,,18.7869816,0.000882272609,HSC Wide DR3,,,18.1093712,0.000812673243,HSC Wide DR3,,,17.7640495,0.00108450965,HSC Wide DR3,,,,,,,,,,
"=IMAGE(""https://raw.githubusercontent.com/oliveirara/slcomp-proposals/main/mosaics/J094656.7+100652.8.png"")",J094656.7+100652.8,146.73621,10.11467,Single Lens Galaxy,GALAXY,GALAXY,1.38,,,Leaf et al. (2018) - arXiv:1805.08640,0.22193049,0.0,S,SDSS DR17,256.57837,20.485062,SDSS DR17,0.608,,S,Leaf et al. (2018) - arXiv:1805.08640,20.94602,0.18506987,SDSS DR17,,,18.901012,,Legacy DR9,,,17.588116,,Legacy DR9,,,17.25079,0.003953,DELVE DR2,,,16.79745,,Legacy DR9,,,,,,17.09,,Bolton et al. (2008) - arXiv:0805.1931,,
"=IMAGE(""https://raw.githubusercontent.com/oliveirara/slcomp-proposals/main/mosaics/J094728.3-011132.3.png"")",J094728.3-011132.3,146.868,-1.1923,,CLUSTER,GALAXY,,,,,0.23874132,0.0,S,SDSS DR17,250.83011,16.711378,SDSS DR17,1.11,,P,SuGOHI Candidate List (2021) - www-utap.phys.s.u-tokyo.ac.jp/~oguri/sugohi/,20.969862,0.25641495,SDSS DR17,,,19.660305,0.00163659861,HSC Wide DR3,,,18.2621841,0.000741618976,HSC Wide DR3,,,17.6921902,0.000411856599,HSC Wide DR3,23.67,SuGOHI Candidate List (2021) - www-utap.phys.s.u-tokyo.ac.jp/~oguri/sugohi/,17.3546867,0.000589750707,HSC Wide DR3,,,,,,,,,,
"=IMAGE(""https://raw.githubusercontent.com/oliveirara/slcomp-proposals/main/mosaics/J094946.4+001750.0.png"")",J094946.4+001750.0,147.44346,0.29724,Single Lens Galaxy,GALAXY,GALAXY,,,,,0.49942175,0.000137338,S,SDSS DR17,342.88968,41.561947,SDSS DR17,0.9727309,,S,Talbot et al. (2020) - arXiv:2007.09006,22.24399,0.5533607,SDSS DR17,,,21.6661797,0.0107618636,HSC Wide DR3,,,19.8065338,0.00258208392,HSC Wide DR3,,,18.853878,0.00105737767,HSC Wide DR3,,,18.408947,0.00116289558,HSC Wide DR3,,,,,,,,,,
"=IMAGE(""https://raw.githubusercontent.com/oliveirara/slcomp-proposals/main/mosaics/J095140.1-001420.0.png"")",J095140.1-001420.0,147.917,-0.2389,,CLUSTER,GALAXY,,,,,0.421273,0.0,S,SDSS DR17,389.45312,49.236595,SDSS DR17,1.88,,P,SuGOHI Candidate List (2021) - www-utap.phys.s.u-tokyo.ac.jp/~oguri/sugohi/,21.323732,0.6169482,SDSS DR17,,,19.2680664,0.00312826573,HSC Wide DR3,,,17.8571205,0.000953016803,HSC Wide DR3,,,17.2057419,0.000480998977,HSC Wide DR3,24.97,SuGOHI Candidate List (2021) - www-utap.phys.s.u-tokyo.ac.jp/~oguri/sugohi/,16.7698593,0.000657547323,HSC Wide DR3,,,,,,,,,,
"=IMAGE(""https://raw.githubusercontent.com/oliveirara/slcomp-proposals/main/mosaics/J095309.1+001534.9.png"")",J095309.1+001534.9,148.28779,0.2597,,CLUSTER,GALAXY,,,,,0.5671738,8.263022e-05,S,SDSS DR17,235.29655,21.442251,SDSS DR17,0.88,,P,SuGOHI Candidate List (2021) - www-utap.phys.s.u-tokyo.ac.jp/~oguri/sugohi/,22.513,0.7243904,SDSS DR17,,,21.0232658,0.00678470032,HSC Wide DR3,,,19.4050179,0.00220380747,HSC Wide DR3,,,18.3422775,0.00103107782,HSC Wide DR3,22.14,SuGOHI Candidate List (2021) - www-utap.phys.s.u-tokyo.ac.jp/~oguri/sugohi/,17.9065208,0.0013858357,HSC Wide DR3,,,,,,,,,,
"=IMAGE(""https://raw.githubusercontent.com/oliveirara/slcomp-proposals/main/mosaics/J095500.0-013005.0.png"")",J095500.0-013005.0,148.75,-1.50139,Single Lens Galaxy,GALAXY,QUASAR,2.23,0.01,SIE model,Moustakas et al. (2012) - adsabs:2012hst..prop12833M,0.632,0.001,S,Moustakas et al. (2012) - adsabs:2012hst..prop12833M,,,,4.5,0.01,S,Moustakas et al. (2012) - adsabs:2012hst..prop12833M,,,,,,,,,,,,,,,,,,,,,21.21,,Moustakas et al. (2012) - adsabs:2012hst..prop12833M,18.27,Moustakas et al. (2012) - adsabs:2012hst..prop12833M,,,,,,,,
"=IMAGE(""https://raw.githubusercontent.com/oliveirara/slcomp-proposals/main/mosaics/J095519.7+010144.4.png"")",J095519.7+010144.4,148.83217,1.029,Single Lens Galaxy,GALAXY,GALAXY,1.04,0.06,SIE model,Moustakas et al. (2012) - adsabs:2012hst..prop12833M,0.110934205,0.0,S,SDSS DR17,197.0233,12.568848,SDSS DR17,0.316,0.001,S,Moustakas et al. (2012) - adsabs:2012hst..prop12833M,20.346437,0.07816534,SDSS DR17,,,18.5070686,0.00040130486,HSC Deep DR3,,,17.4512405,0.000239786343,HSC Deep DR3,,,16.8394547,0.000151170811,HSC Deep DR3,,,16.471365,0.00016853289,HSC Deep DR3,,,,,,16.97,,Bolton et al. (2008) - arXiv:0805.1931,,
"=IMAGE(""https://raw.githubusercontent.com/oliveirara/slcomp-proposals/main/mosaics/J095822.5+013505.0.png"")",J095822.5+013505.0,149.59379,1.58471,,,,,,,,0.027746605,0.0,S,SDSS DR17,58.937233,8.702273,SDSS DR17,0.3092356,0.00015073131,S,Talbot et al. (2022) - arXiv:2206.09902,17.825203,0.018657684,SDSS DR17,,,17.4866829,0.000211391831,HSC Deep DR3,,,16.6666107,0.000158663868,HSC Deep DR3,,,16.2140083,9.11610332e-05,HSC Deep DR3,,,15.9289589,0.000117733987,HSC Deep DR3,,,,,,,,,,
"=IMAGE(""https://raw.githubusercontent.com/oliveirara/slcomp-proposals/main/mosaics/J095921.0+020638.0.png"")",J095921.0+020638.0,149.8375,2.11056,,,,0.74,,,Leaf et al. (2018) - arXiv:1805.08640,0.552,,S,Leaf et al. (2018) - arXiv:1805.08640,188.0,22.0,Leaf et al. (2018) - arXiv:1805.08640,3.35,,S,Leaf et al. (2018) - arXiv:1805.08640,,,,,,,,,,,,,,,,,,,,,,,,,,,,,,,,,
"=IMAGE(""https://raw.githubusercontent.com/oliveirara/slcomp-proposals/main/mosaics/J095926.2-001514.1.png"")",J095926.2-001514.1,149.85917,-0.25392,,,,,,,,0.047477562,0.0,S,SDSS DR17,216.98688,4.5881734,SDSS DR17,0.28076014,,S,Talbot et al. (2022) - arXiv:2206.09902,16.425367,0.012546952,SDSS DR17,,,16.7420082,0.000708896201,HSC Wide DR3,,,15.7637672,0.000408757129,HSC Wide DR3,,,13.3746901,,HSC Wide DR3,,,15.1083412,0.000292601588,HSC Wide DR3,,,,,,,,,,
"=IMAGE(""https://raw.githubusercontent.com/oliveirara/slcomp-proposals/main/mosaics/J095944.1+041017.0.png"")",J095944.1+041017.0,149.93368,4.17139,Single Lens Galaxy,GALAXY,GALAXY,0.99,,,Leaf et al. (2018) - arXiv:1805.08640,0.12597495,0.0,S,SDSS DR17,202.76117,12.295512,SDSS DR17,0.535,,S,Leaf et al. (2018) - arXiv:1805.08640,20.55073,0.07548818,SDSS DR17,,,18.2144356,0.000731592649,HSC Wide DR3,,,17.211441,0.000510444981,HSC Wide DR3,,,16.6377411,0.000256713363,HSC Wide DR3,,,16.2597733,0.000405307539,HSC Wide DR3,,,,,,16.92,,Bolton et al. (2008) - arXiv:0805.1931,,
"=IMAGE(""https://raw.githubusercontent.com/oliveirara/slcomp-proposals/main/mosaics/J095947.8+024752.0.png"")",J095947.8+024752.0,149.94917,2.79778,Single Lens Galaxy,GALAXY,GALAXY,2.55,,,Moustakas et al. (2012) - adsabs:2012hst..prop12833M,0.28,0.04,P,Faure et al. (2008) - arXiv:0802.2174,370.0,,Faure et al. (2008) - arXiv:0802.2174,0.61,,,Faure et al. (2008) - arXiv:0802.2174,,,,,,,,,,,,,,,,,,,,,,,,,,,,,19.83,,Faure et al. (2008) - arXiv:0802.2174,22.8,Faure et al. (2008) - arXiv:0802.2174
"=IMAGE(""https://raw.githubusercontent.com/oliveirara/slcomp-proposals/main/mosaics/J100025.9+001400.6.png"")",J100025.9+001400.6,150.10792,0.2335,,CLUSTER,GALAXY,,,,,0.22076495,0.0,S,SDSS DR17,371.78607,19.133226,SDSS DR17,1.81,,P,SuGOHI Candidate List (2021) - www-utap.phys.s.u-tokyo.ac.jp/~oguri/sugohi/,20.991678,0.15040846,SDSS DR17,,,19.0218773,0.00118748518,HSC Wide DR3,,,17.7203312,0.000509499863,HSC Wide DR3,,,17.1641731,0.000259269989,HSC Wide DR3,27.08,SuGOHI Candidate List (2021) - www-utap.phys.s.u-tokyo.ac.jp/~oguri/sugohi/,16.8582783,0.000409205823,HSC Wide DR3,,,,,,,,,,
"=IMAGE(""https://raw.githubusercontent.com/oliveirara/slcomp-proposals/main/mosaics/J100143.5+133212.4.png"")",J100143.5+133212.4,150.43125,13.53678,Single Lens Galaxy,GALAXY,GALAXY,,,,,0.084525675,0.0,S,SDSS DR17,56.04443,17.725336,SDSS DR17,0.0846,,S,Focardi et al. (2015) - doi:10.1051/0004-6361/201526364,18.847296,0.030750291,SDSS DR17,,,18.001604,,Legacy DR9,,,17.27057,,Legacy DR9,,,16.851065,0.0064083394,SDSS DR17,,,16.776035,,Legacy DR9,,,,,,,,,,
"=IMAGE(""https://raw.githubusercontent.com/oliveirara/slcomp-proposals/main/mosaics/J100532.8-010027.7.png"")",J100532.8-010027.7,151.38671,-1.0077,,CLUSTER,GALAXY,,,,,0.41990346,0.0,S,SDSS DR17,189.67473,43.62735,SDSS DR17,1.65,,P,SuGOHI Candidate List (2021) - www-utap.phys.s.u-tokyo.ac.jp/~oguri/sugohi/,23.19497,1.4728904,SDSS DR17,,,20.6222191,0.00487125106,HSC Wide DR3,,,18.8165131,0.00134587404,HSC Wide DR3,,,18.0469933,0.00066494284,HSC Wide DR3,24.21,SuGOHI Candidate List (2021) - www-utap.phys.s.u-tokyo.ac.jp/~oguri/sugohi/,17.6987629,0.000864000001,HSC Wide DR3,,,,,,,,,,
"=IMAGE(""https://raw.githubusercontent.com/oliveirara/slcomp-proposals/main/mosaics/J100639.6+055844.7.png"")",J100639.6+055844.7,151.66492,5.97909,,,,,,,,0.077611975,0.0,S,SDSS DR17,230.69876,7.1533074,SDSS DR17,0.12426273,0.00021136734,S,Talbot et al. (2022) - arXiv:2206.09902,18.817667,0.029504757,SDSS DR17,,,16.758316,0.001261,DELVE DR2,,,15.912436,0.001856,DELVE DR2,,,15.46394,0.000867,DELVE DR2,,,15.235062,0.001772,DELVE DR2,,,,,,,,,,
"=IMAGE(""https://raw.githubusercontent.com/oliveirara/slcomp-proposals/main/mosaics/J100729.8-011433.7.png"")",J100729.8-011433.7,151.87421,-1.2427,,CLUSTER,GALAXY,,,,,0.4517948,0.0,S,SDSS DR17,289.58554,33.00899,SDSS DR17,1.87,,P,SuGOHI Candidate List (2021) - www-utap.phys.s.u-tokyo.ac.jp/~oguri/sugohi/,22.556305,0.99619263,SDSS DR17,,,20.8686104,0.00489943521,HSC Wide DR3,,,19.1266537,0.00136180478,HSC Wide DR3,,,18.2553139,0.000661479135,HSC Wide DR3,25.56,SuGOHI Candidate List (2021) - www-utap.phys.s.u-tokyo.ac.jp/~oguri/sugohi/,17.8940659,0.000892562501,HSC Wide DR3,,,,,,,,,,
"=IMAGE(""https://raw.githubusercontent.com/oliveirara/slcomp-proposals/main/mosaics/J100934.4+015305.4.png"")",J100934.4+015305.4,152.39329,1.88483,,,,,,,,0.33522967,0.0,S,SDSS DR17,216.00867,24.092178,SDSS DR17,0.9278,,S,Shu et al. (2017) - arXiv:1711.00072,21.75437,0.48182705,SDSS DR17,,,20.6786995,0.00568989385,HSC Wide DR3,,,19.0429955,0.00138079573,HSC Wide DR3,,,18.2185516,0.000871353375,HSC Wide DR3,,,17.8288231,0.00113903335,HSC Wide DR3,,,,,,17.23,0.09,Shu et al. (2017) - arXiv:1711.00072,,
"=IMAGE(""https://raw.githubusercontent.com/oliveirara/slcomp-proposals/main/mosaics/J101155.9+113314.8.png"")",J101155.9+113314.8,152.98306,11.55412,Single Lens Galaxy,GALAXY,GALAXY,,,,,0.38669872,9.148685e-05,S,SDSS DR17,293.42343,28.625105,SDSS DR17,0.8752871,,S,Talbot et al. (2020) - arXiv:2007.09006,22.502785,0.4476215,SDSS DR17,,,20.436422,,Legacy DR9,,,18.751158,,Legacy DR9,,,18.497547,0.01192,DELVE DR2,,,17.824024,,Legacy DR9,,,,,,,,,,
"=IMAGE(""https://raw.githubusercontent.com/oliveirara/slcomp-proposals/main/mosaics/J101215.7-030702.0.png"")",J101215.7-030702.0,153.0655,-3.11722,Single Lens Galaxy,GALAXY,QUASAR,2.16,0.01,SIE model,Moustakas et al. (2012) - adsabs:2012hst..prop12833M,0.87,0.01,S,Moustakas et al. (2012) - adsabs:2012hst..prop12833M,,,,1.6229,0.0005,S,Moustakas et al. (2012) - adsabs:2012hst..prop12833M,,,,,,,,,,,,,,,,,,,,,21.94,,Moustakas et al. (2012) - adsabs:2012hst..prop12833M,17.8,Moustakas et al. (2012) - adsabs:2012hst..prop12833M,,,,,,,,
"=IMAGE(""https://raw.githubusercontent.com/oliveirara/slcomp-proposals/main/mosaics/J101406.9-005405.4.png"")",J101406.9-005405.4,153.52858,-0.9015,,CLUSTER,GALAXY,,,,,0.3567726,4.8841855e-05,S,SDSS DR17,237.1179,15.493144,SDSS DR17,0.67,,P,SuGOHI Candidate List (2021) - www-utap.phys.s.u-tokyo.ac.jp/~oguri/sugohi/,22.96696,0.9135628,SDSS DR17,,,20.1475754,0.00243928609,HSC Wide DR3,,,18.5281181,0.000884230772,HSC Wide DR3,,,17.7996635,0.000584876572,HSC Wide DR3,18.86,SuGOHI Candidate List (2021) - www-utap.phys.s.u-tokyo.ac.jp/~oguri/sugohi/,17.4671631,0.000806756318,HSC Wide DR3,,,,,,,,,,
"=IMAGE(""https://raw.githubusercontent.com/oliveirara/slcomp-proposals/main/mosaics/J101712.7+000241.6.png"")",J101712.7+000241.6,154.30279,0.04489,Single Lens Galaxy,GALAXY,GALAXY,,,,,0.29751348,5.1682724e-05,S,SDSS DR17,285.6579,20.89006,SDSS DR17,1.2313504,,S,Talbot et al. (2020) - arXiv:2007.09006,21.487404,0.37109372,SDSS DR17,,,20.8823242,0.00313041406,HSC Wide DR3,,,19.3467674,0.00133922091,HSC Wide DR3,,,18.68713,0.00065018551,HSC Wide DR3,,,18.3795242,0.00098327559,HSC Wide DR3,,,,,,,,,,
"=IMAGE(""https://raw.githubusercontent.com/oliveirara/slcomp-proposals/main/mosaics/J101724.0-204700.0.png"")",J101724.0-204700.0,154.35,-20.78333,Single Lens Galaxy,GALAXY,QUASAR,2.28,0.01,SIE model,Moustakas et al. (2012) - adsabs:2012hst..prop12833M,0.78,0.01,S,Moustakas et al. (2012) - adsabs:2012hst..prop12833M,,,,2.55,0.01,S,Moustakas et al. (2012) - adsabs:2012hst..prop12833M,,,,,,,,,,,,,,,,,,,,,21.82,,Moustakas et al. (2012) - adsabs:2012hst..prop12833M,16.78,Moustakas et al. (2012) - adsabs:2012hst..prop12833M,,,,,,,,
"=IMAGE(""https://raw.githubusercontent.com/oliveirara/slcomp-proposals/main/mosaics/J102026.5+112241.1.png"")",J102026.5+112241.1,155.11053,11.37809,Single Lens Galaxy,GALAXY,GALAXY,1.2,,,Leaf et al. (2018) - arXiv:1805.08640,0.28218752,0.0,S,SDSS DR17,273.9655,18.60591,SDSS DR17,0.553,,S,Leaf et al. (2018) - arXiv:1805.08640,22.395664,0.32191136,SDSS DR17,,,19.327728,,Legacy DR9,,,17.810095,,Legacy DR9,,,18.079115,0.011298345,SDSS DR17,,,17.002594,,Legacy DR9,,,,,,17.21,,Bolton et al. (2008) - arXiv:0805.1931,,
"=IMAGE(""https://raw.githubusercontent.com/oliveirara/slcomp-proposals/main/mosaics/J102414.8+094320.3.png"")",J102414.8+094320.3,156.06158,9.7223,Single Lens Galaxy,GALAXY,GALAXY,,,,,0.3179874,3.0905547e-05,S,SDSS DR17,227.15216,10.320648,SDSS DR17,1.0094061,,S,Talbot et al. (2020) - arXiv:2007.09006,22.483519,0.44264308,SDSS DR17,,,20.100306,,Legacy DR9,,,18.547293,,Legacy DR9,,,18.223316,0.006221,DELVE DR2,,,17.711922,,Legacy DR9,,,,,,,,,,
"=IMAGE(""https://raw.githubusercontent.com/oliveirara/slcomp-proposals/main/mosaics/J102551.3-003517.4.png"")",J102551.3-003517.4,156.46388,-0.58816,,,,,,,,0.15892065,0.0,S,SDSS DR17,241.17169,10.578238,SDSS DR17,0.2764,,S,Bolton et al. (2008) - arXiv:0805.1931,19.576025,0.06481788,SDSS DR17,,,17.5649071,0.000525604293,HSC Wide DR3,,,16.4646454,0.000356892939,HSC Wide DR3,,,15.9490166,0.00021895337,HSC Wide DR3,,,15.6182919,0.000297057355,HSC Wide DR3,,,,,,15.41,,Bolton et al. (2008) - arXiv:0805.1931,,
"=IMAGE(""https://raw.githubusercontent.com/oliveirara/slcomp-proposals/main/mosaics/J102707.6+012934.5.png"")",J102707.6+012934.5,156.78154,1.49292,,,,,,,,0.03275921,0.0,S,SDSS DR17,88.26763,6.7671275,SDSS DR17,0.100697055,,S,Talbot et al. (2022) - arXiv:2206.09902,16.029114,0.01695051,SDSS DR17,,,17.6567287,0.000677819829,HSC Wide DR3,,,16.7314854,0.000419852353,HSC Wide DR3,,,16.216629,0.000389672117,HSC Wide DR3,,,15.8956585,0.000563296257,HSC Wide DR3,,,,,,,,,,
"=IMAGE(""https://raw.githubusercontent.com/oliveirara/slcomp-proposals/main/mosaics/J102922.9+042001.8.png"")",J102922.9+042001.8,157.34558,4.33384,Single Lens Galaxy,GALAXY,GALAXY,1.05,0.03,SIE model,Moustakas et al. (2012) - adsabs:2012hst..prop12833M,0.1044361,0.0,S,SDSS DR17,208.00108,8.584087,SDSS DR17,0.615,0.001,S,Moustakas et al. (2012) - adsabs:2012hst..prop12833M,19.583755,0.043749265,SDSS DR17,,,17.560976,0.000466979283,HSC Wide DR3,,,16.6296558,0.000373684714,HSC Wide DR3,,,16.173008,0.000232106948,HSC Wide DR3,,,15.8918295,0.000310059986,HSC Wide DR3,,,,,,16.13,,Bolton et al. (2008) - arXiv:0805.1931,,
"=IMAGE(""https://raw.githubusercontent.com/oliveirara/slcomp-proposals/main/mosaics/J103008.5+145949.8.png"")",J103008.5+145949.8,157.53542,14.99717,Single Lens Galaxy,GALAXY,GALAXY,,,,,0.2613875,3.5688696e-05,S,SDSS DR17,210.10585,11.98771,SDSS DR17,0.93627846,,S,Talbot et al. (2020) - arXiv:2007.09006,21.337662,0.2077534,SDSS DR17,,,19.14034,,Legacy DR9,,,17.675682,,Legacy DR9,,,17.393898,0.005148,DELVE DR2,,,16.85803,,Legacy DR9,,,,,,,,,,
"=IMAGE(""https://raw.githubusercontent.com/oliveirara/slcomp-proposals/main/mosaics/J103027.2-064108.9.png"")",J103027.2-064108.9,157.61341,-6.6858,,,,,,,,0.432746,0.033299,P,Legacy DR9,,,,1.58017,,S,Tran et al. (2022) - arXiv:2205.05307,,,,,,20.44182,,Legacy DR9,,,18.630646,,Legacy DR9,,,18.392597,0.019425,DELVE DR2,,,17.53526,,Legacy DR9,,,,,,,,,,
"=IMAGE(""https://raw.githubusercontent.com/oliveirara/slcomp-proposals/main/mosaics/J103142.3+040342.0.png"")",J103142.3+040342.0,157.92621,4.06165,,,,,,,,0.040089644,0.0,S,SDSS DR17,128.79317,86.740295,SDSS DR17,0.334344,,S,Talbot et al. (2022) - arXiv:2206.09902,18.601698,0.05015739,SDSS DR17,,,18.2243919,0.0013132022,HSC Wide DR3,,,16.612757,,Legacy DR9,,,16.5286102,,HSC Wide DR3,,,16.259169,,Legacy DR9,,,,,,,,,,
"=IMAGE(""https://raw.githubusercontent.com/oliveirara/slcomp-proposals/main/mosaics/J103652.3+033321.9.png"")",J103652.3+033321.9,159.218,3.55609,Single Lens Galaxy,GALAXY,GALAXY,,,,,0.4768087,0.0001151849,S,SDSS DR17,205.74246,38.431683,SDSS DR17,1.1348516,,S,Talbot et al. (2020) - arXiv:2007.09006,22.041443,0.25450358,SDSS DR17,,,21.3246861,0.00374589721,HSC Wide DR3,,,19.4609261,0.00234934618,HSC Wide DR3,,,18.5631142,0.00161384477,HSC Wide DR3,,,18.2171173,0.00218124897,HSC Wide DR3,,,,,,,,,,
"=IMAGE(""https://raw.githubusercontent.com/oliveirara/slcomp-proposals/main/mosaics/J103858.4-002438.6.png"")",J103858.4-002438.6,159.74354,-0.41072,,,,,,,,0.21895914,0.0,S,SDSS DR17,217.25002,13.816483,SDSS DR17,1.306,,S,Auger et al. (2009) - arXiv:0911.2471,19.798323,0.089429125,SDSS DR17,,,18.6064606,0.000890057185,HSC Wide DR3,,,17.5995445,0.000525907322,HSC Wide DR3,,,17.1845474,0.000459622446,HSC Wide DR3,,,16.8483658,0.000643830514,HSC Wide DR3,,,,,,,,,,
"=IMAGE(""https://raw.githubusercontent.com/oliveirara/slcomp-proposals/main/mosaics/J103904.2+051335.8.png"")",J103904.2+051335.8,159.76758,5.22661,,,,,,,,0.06681362,0.0,S,SDSS DR17,174.26587,11.464012,SDSS DR17,0.3627,,S,Bolton et al. (2008) - arXiv:0805.1931,18.658712,0.026209885,SDSS DR17,,,16.8341122,0.000761290488,HSC Wide DR3,,,16.0356216,0.000436787435,HSC Wide DR3,,,15.5311346,0.000255333318,HSC Wide DR3,,,15.2380848,0.000332467374,HSC Wide DR3,,,,,,15.38,,Bolton et al. (2008) - arXiv:0805.1931,,
"=IMAGE(""https://raw.githubusercontent.com/oliveirara/slcomp-proposals/main/mosaics/J103938.7+051032.6.png"")",J103938.7+051032.6,159.91133,5.17572,,,,,,,,0.0199999996,0.00900526159,P,HSC Wide DR3,,,,0.32924587,0.00034006516,S,Talbot et al. (2022) - arXiv:2206.09902,,,,,,16.0519562,0.000652029063,HSC Wide DR3,,,15.1746674,0.000397032156,HSC Wide DR3,,,14.6537514,0.00029855207,HSC Wide DR3,,,14.4252262,0.00037818987,HSC Wide DR3,,,,,,,,,,
"=IMAGE(""https://raw.githubusercontent.com/oliveirara/slcomp-proposals/main/mosaics/J103957.8+093351.0.png"")",J103957.8+093351.0,159.99075,9.56417,,,,,,,,0.22119825,0.0,S,SDSS DR17,254.21935,13.943255,SDSS DR17,0.5612,,S,Bolton et al. (2008) - arXiv:0805.1931,20.41899,0.09392453,SDSS DR17,,,18.701736,,Legacy DR9,,,17.389996,,Legacy DR9,,,17.005459,0.003763,DELVE DR2,,,16.636963,,Legacy DR9,,,,,,,,,,
